<?xml version="1.0" encoding="UTF-8"?>
<!DOCTYPE suite SYSTEM "https://testng.org/testng-1.0.dtd">
<suite name="Suite">
  <test thread-count="5" name="Test" parallel="methods">
  
  	  <!-- <groups>
			<run>
				<include name="smoke" />
			</run>
		</groups>-->
    <classes>
      <class name="com.sl.GoogleSearch"/>
      <class name="com.sl.FBRegistration"/>
      <class name="com.sl.GoogleRegistration"/>
      <class name="com.sl.DummyTest" />
    </classes>
  </test> <!-- Test -->
</suite> <!-- Suite -->
