<?xml version='1.0' encoding='utf-8'?>
<!DOCTYPE hibernate-configuration PUBLIC
"-//Hibernate/Hibernate Configuration DTD 3.0//EN"
"http://www.hibernate.org/dtd/hibernate-configuration-3.0.dtd">
<hibernate-configuration>       
  <session-factory>
    
    <!-- Database connection settings -->
    <property name="hibernate.connection.driver_class">com.mysql.cj.jdbc.Driver</property>
    <property name="connection.url">jdbc:mysql://localhost:3306/ecommerce</property>
    <property name="connection.username">root</property>
    <property name="connection.password">12345</property>
    
    
     <property name="hibernate.dialect">org.hibernate.dialect.MySQLDialect</property>
     <property name="hibernate.connection.pool.provider_class">org.hibernate.hikaricp.internal.HikariCPConnectionProvider</property>
     
      
    </session-factory>
</hibernate-configuration>
